,pname:npfkcn_inst:0_ptype:cn_pstyle:d,pname:stosycn_inst:0_ptype:cn_pstyle:d
0,1.5,0.001
1,1.5,0.026615384615384617
2,1.5,0.05223076923076923
3,1.5,0.07784615384615384
4,1.5,0.10346153846153847
5,1.5,0.1290769230769231
6,1.5,0.15469230769230768
7,1.5,0.1803076923076923
8,1.5,0.20592307692307693
9,1.5,0.23153846153846155
10,1.5,0.2571538461538462
11,1.5,0.2827692307692308
12,1.5,0.30838461538461537
13,1.5,0.334
14,1.5,0.3596153846153846
15,1.5,0.38523076923076927
16,1.5,0.41084615384615386
17,1.5,0.43646153846153846
18,1.5,0.4620769230769231
19,1.5,0.4876923076923077
20,1.5,0.5133076923076924
21,1.5,0.538923076923077
22,1.5,0.5645384615384615
23,1.5,0.5901538461538461
24,1.5,0.6157692307692307
25,1.5,0.6413846153846154
26,1.5,0.667
27,1.5,0.6926153846153846
28,1.5,0.7182307692307692
29,1.5,0.7438461538461538
30,1.5,0.7694615384615385
31,1.5,0.7950769230769231
32,1.5,0.8206923076923077
33,1.5,0.8463076923076923
34,1.5,0.8719230769230769
35,1.5,0.8975384615384616
36,1.5,0.9231538461538462
37,1.5,0.9487692307692308
38,1.5,0.9743846153846154
39,1.5,1.0
40,1.8461538461538463,0.001
41,1.8461538461538463,0.026615384615384617
42,1.8461538461538463,0.05223076923076923
43,1.8461538461538463,0.07784615384615384
44,1.8461538461538463,0.10346153846153847
45,1.8461538461538463,0.1290769230769231
46,1.8461538461538463,0.15469230769230768
47,1.8461538461538463,0.1803076923076923
48,1.8461538461538463,0.20592307692307693
49,1.8461538461538463,0.23153846153846155
50,1.8461538461538463,0.2571538461538462
51,1.8461538461538463,0.2827692307692308
52,1.8461538461538463,0.30838461538461537
53,1.8461538461538463,0.334
54,1.8461538461538463,0.3596153846153846
55,1.8461538461538463,0.38523076923076927
56,1.8461538461538463,0.41084615384615386
57,1.8461538461538463,0.43646153846153846
58,1.8461538461538463,0.4620769230769231
59,1.8461538461538463,0.4876923076923077
60,1.8461538461538463,0.5133076923076924
61,1.8461538461538463,0.538923076923077
62,1.8461538461538463,0.5645384615384615
63,1.8461538461538463,0.5901538461538461
64,1.8461538461538463,0.6157692307692307
65,1.8461538461538463,0.6413846153846154
66,1.8461538461538463,0.667
67,1.8461538461538463,0.6926153846153846
68,1.8461538461538463,0.7182307692307692
69,1.8461538461538463,0.7438461538461538
70,1.8461538461538463,0.7694615384615385
71,1.8461538461538463,0.7950769230769231
72,1.8461538461538463,0.8206923076923077
73,1.8461538461538463,0.8463076923076923
74,1.8461538461538463,0.8719230769230769
75,1.8461538461538463,0.8975384615384616
76,1.8461538461538463,0.9231538461538462
77,1.8461538461538463,0.9487692307692308
78,1.8461538461538463,0.9743846153846154
79,1.8461538461538463,1.0
80,2.1923076923076925,0.001
81,2.1923076923076925,0.026615384615384617
82,2.1923076923076925,0.05223076923076923
83,2.1923076923076925,0.07784615384615384
84,2.1923076923076925,0.10346153846153847
85,2.1923076923076925,0.1290769230769231
86,2.1923076923076925,0.15469230769230768
87,2.1923076923076925,0.1803076923076923
88,2.1923076923076925,0.20592307692307693
89,2.1923076923076925,0.23153846153846155
90,2.1923076923076925,0.2571538461538462
91,2.1923076923076925,0.2827692307692308
92,2.1923076923076925,0.30838461538461537
93,2.1923076923076925,0.334
94,2.1923076923076925,0.3596153846153846
95,2.1923076923076925,0.38523076923076927
96,2.1923076923076925,0.41084615384615386
97,2.1923076923076925,0.43646153846153846
98,2.1923076923076925,0.4620769230769231
99,2.1923076923076925,0.4876923076923077
100,2.1923076923076925,0.5133076923076924
101,2.1923076923076925,0.538923076923077
102,2.1923076923076925,0.5645384615384615
103,2.1923076923076925,0.5901538461538461
104,2.1923076923076925,0.6157692307692307
105,2.1923076923076925,0.6413846153846154
106,2.1923076923076925,0.667
107,2.1923076923076925,0.6926153846153846
108,2.1923076923076925,0.7182307692307692
109,2.1923076923076925,0.7438461538461538
110,2.1923076923076925,0.7694615384615385
111,2.1923076923076925,0.7950769230769231
112,2.1923076923076925,0.8206923076923077
113,2.1923076923076925,0.8463076923076923
114,2.1923076923076925,0.8719230769230769
115,2.1923076923076925,0.8975384615384616
116,2.1923076923076925,0.9231538461538462
117,2.1923076923076925,0.9487692307692308
118,2.1923076923076925,0.9743846153846154
119,2.1923076923076925,1.0
120,2.5384615384615383,0.001
121,2.5384615384615383,0.026615384615384617
122,2.5384615384615383,0.05223076923076923
123,2.5384615384615383,0.07784615384615384
124,2.5384615384615383,0.10346153846153847
125,2.5384615384615383,0.1290769230769231
126,2.5384615384615383,0.15469230769230768
127,2.5384615384615383,0.1803076923076923
128,2.5384615384615383,0.20592307692307693
129,2.5384615384615383,0.23153846153846155
130,2.5384615384615383,0.2571538461538462
131,2.5384615384615383,0.2827692307692308
132,2.5384615384615383,0.30838461538461537
133,2.5384615384615383,0.334
134,2.5384615384615383,0.3596153846153846
135,2.5384615384615383,0.38523076923076927
136,2.5384615384615383,0.41084615384615386
137,2.5384615384615383,0.43646153846153846
138,2.5384615384615383,0.4620769230769231
139,2.5384615384615383,0.4876923076923077
140,2.5384615384615383,0.5133076923076924
141,2.5384615384615383,0.538923076923077
142,2.5384615384615383,0.5645384615384615
143,2.5384615384615383,0.5901538461538461
144,2.5384615384615383,0.6157692307692307
145,2.5384615384615383,0.6413846153846154
146,2.5384615384615383,0.667
147,2.5384615384615383,0.6926153846153846
148,2.5384615384615383,0.7182307692307692
149,2.5384615384615383,0.7438461538461538
150,2.5384615384615383,0.7694615384615385
151,2.5384615384615383,0.7950769230769231
152,2.5384615384615383,0.8206923076923077
153,2.5384615384615383,0.8463076923076923
154,2.5384615384615383,0.8719230769230769
155,2.5384615384615383,0.8975384615384616
156,2.5384615384615383,0.9231538461538462
157,2.5384615384615383,0.9487692307692308
158,2.5384615384615383,0.9743846153846154
159,2.5384615384615383,1.0
160,2.8846153846153846,0.001
161,2.8846153846153846,0.026615384615384617
162,2.8846153846153846,0.05223076923076923
163,2.8846153846153846,0.07784615384615384
164,2.8846153846153846,0.10346153846153847
165,2.8846153846153846,0.1290769230769231
166,2.8846153846153846,0.15469230769230768
167,2.8846153846153846,0.1803076923076923
168,2.8846153846153846,0.20592307692307693
169,2.8846153846153846,0.23153846153846155
170,2.8846153846153846,0.2571538461538462
171,2.8846153846153846,0.2827692307692308
172,2.8846153846153846,0.30838461538461537
173,2.8846153846153846,0.334
174,2.8846153846153846,0.3596153846153846
175,2.8846153846153846,0.38523076923076927
176,2.8846153846153846,0.41084615384615386
177,2.8846153846153846,0.43646153846153846
178,2.8846153846153846,0.4620769230769231
179,2.8846153846153846,0.4876923076923077
180,2.8846153846153846,0.5133076923076924
181,2.8846153846153846,0.538923076923077
182,2.8846153846153846,0.5645384615384615
183,2.8846153846153846,0.5901538461538461
184,2.8846153846153846,0.6157692307692307
185,2.8846153846153846,0.6413846153846154
186,2.8846153846153846,0.667
187,2.8846153846153846,0.6926153846153846
188,2.8846153846153846,0.7182307692307692
189,2.8846153846153846,0.7438461538461538
190,2.8846153846153846,0.7694615384615385
191,2.8846153846153846,0.7950769230769231
192,2.8846153846153846,0.8206923076923077
193,2.8846153846153846,0.8463076923076923
194,2.8846153846153846,0.8719230769230769
195,2.8846153846153846,0.8975384615384616
196,2.8846153846153846,0.9231538461538462
197,2.8846153846153846,0.9487692307692308
198,2.8846153846153846,0.9743846153846154
199,2.8846153846153846,1.0
200,3.230769230769231,0.001
201,3.230769230769231,0.026615384615384617
202,3.230769230769231,0.05223076923076923
203,3.230769230769231,0.07784615384615384
204,3.230769230769231,0.10346153846153847
205,3.230769230769231,0.1290769230769231
206,3.230769230769231,0.15469230769230768
207,3.230769230769231,0.1803076923076923
208,3.230769230769231,0.20592307692307693
209,3.230769230769231,0.23153846153846155
210,3.230769230769231,0.2571538461538462
211,3.230769230769231,0.2827692307692308
212,3.230769230769231,0.30838461538461537
213,3.230769230769231,0.334
214,3.230769230769231,0.3596153846153846
215,3.230769230769231,0.38523076923076927
216,3.230769230769231,0.41084615384615386
217,3.230769230769231,0.43646153846153846
218,3.230769230769231,0.4620769230769231
219,3.230769230769231,0.4876923076923077
220,3.230769230769231,0.5133076923076924
221,3.230769230769231,0.538923076923077
222,3.230769230769231,0.5645384615384615
223,3.230769230769231,0.5901538461538461
224,3.230769230769231,0.6157692307692307
225,3.230769230769231,0.6413846153846154
226,3.230769230769231,0.667
227,3.230769230769231,0.6926153846153846
228,3.230769230769231,0.7182307692307692
229,3.230769230769231,0.7438461538461538
230,3.230769230769231,0.7694615384615385
231,3.230769230769231,0.7950769230769231
232,3.230769230769231,0.8206923076923077
233,3.230769230769231,0.8463076923076923
234,3.230769230769231,0.8719230769230769
235,3.230769230769231,0.8975384615384616
236,3.230769230769231,0.9231538461538462
237,3.230769230769231,0.9487692307692308
238,3.230769230769231,0.9743846153846154
239,3.230769230769231,1.0
240,3.5769230769230766,0.001
241,3.5769230769230766,0.026615384615384617
242,3.5769230769230766,0.05223076923076923
243,3.5769230769230766,0.07784615384615384
244,3.5769230769230766,0.10346153846153847
245,3.5769230769230766,0.1290769230769231
246,3.5769230769230766,0.15469230769230768
247,3.5769230769230766,0.1803076923076923
248,3.5769230769230766,0.20592307692307693
249,3.5769230769230766,0.23153846153846155
250,3.5769230769230766,0.2571538461538462
251,3.5769230769230766,0.2827692307692308
252,3.5769230769230766,0.30838461538461537
253,3.5769230769230766,0.334
254,3.5769230769230766,0.3596153846153846
255,3.5769230769230766,0.38523076923076927
256,3.5769230769230766,0.41084615384615386
257,3.5769230769230766,0.43646153846153846
258,3.5769230769230766,0.4620769230769231
259,3.5769230769230766,0.4876923076923077
260,3.5769230769230766,0.5133076923076924
261,3.5769230769230766,0.538923076923077
262,3.5769230769230766,0.5645384615384615
263,3.5769230769230766,0.5901538461538461
264,3.5769230769230766,0.6157692307692307
265,3.5769230769230766,0.6413846153846154
266,3.5769230769230766,0.667
267,3.5769230769230766,0.6926153846153846
268,3.5769230769230766,0.7182307692307692
269,3.5769230769230766,0.7438461538461538
270,3.5769230769230766,0.7694615384615385
271,3.5769230769230766,0.7950769230769231
272,3.5769230769230766,0.8206923076923077
273,3.5769230769230766,0.8463076923076923
274,3.5769230769230766,0.8719230769230769
275,3.5769230769230766,0.8975384615384616
276,3.5769230769230766,0.9231538461538462
277,3.5769230769230766,0.9487692307692308
278,3.5769230769230766,0.9743846153846154
279,3.5769230769230766,1.0
280,3.923076923076923,0.001
281,3.923076923076923,0.026615384615384617
282,3.923076923076923,0.05223076923076923
283,3.923076923076923,0.07784615384615384
284,3.923076923076923,0.10346153846153847
285,3.923076923076923,0.1290769230769231
286,3.923076923076923,0.15469230769230768
287,3.923076923076923,0.1803076923076923
288,3.923076923076923,0.20592307692307693
289,3.923076923076923,0.23153846153846155
290,3.923076923076923,0.2571538461538462
291,3.923076923076923,0.2827692307692308
292,3.923076923076923,0.30838461538461537
293,3.923076923076923,0.334
294,3.923076923076923,0.3596153846153846
295,3.923076923076923,0.38523076923076927
296,3.923076923076923,0.41084615384615386
297,3.923076923076923,0.43646153846153846
298,3.923076923076923,0.4620769230769231
299,3.923076923076923,0.4876923076923077
300,3.923076923076923,0.5133076923076924
301,3.923076923076923,0.538923076923077
302,3.923076923076923,0.5645384615384615
303,3.923076923076923,0.5901538461538461
304,3.923076923076923,0.6157692307692307
305,3.923076923076923,0.6413846153846154
306,3.923076923076923,0.667
307,3.923076923076923,0.6926153846153846
308,3.923076923076923,0.7182307692307692
309,3.923076923076923,0.7438461538461538
310,3.923076923076923,0.7694615384615385
311,3.923076923076923,0.7950769230769231
312,3.923076923076923,0.8206923076923077
313,3.923076923076923,0.8463076923076923
314,3.923076923076923,0.8719230769230769
315,3.923076923076923,0.8975384615384616
316,3.923076923076923,0.9231538461538462
317,3.923076923076923,0.9487692307692308
318,3.923076923076923,0.9743846153846154
319,3.923076923076923,1.0
320,4.269230769230769,0.001
321,4.269230769230769,0.026615384615384617
322,4.269230769230769,0.05223076923076923
323,4.269230769230769,0.07784615384615384
324,4.269230769230769,0.10346153846153847
325,4.269230769230769,0.1290769230769231
326,4.269230769230769,0.15469230769230768
327,4.269230769230769,0.1803076923076923
328,4.269230769230769,0.20592307692307693
329,4.269230769230769,0.23153846153846155
330,4.269230769230769,0.2571538461538462
331,4.269230769230769,0.2827692307692308
332,4.269230769230769,0.30838461538461537
333,4.269230769230769,0.334
334,4.269230769230769,0.3596153846153846
335,4.269230769230769,0.38523076923076927
336,4.269230769230769,0.41084615384615386
337,4.269230769230769,0.43646153846153846
338,4.269230769230769,0.4620769230769231
339,4.269230769230769,0.4876923076923077
340,4.269230769230769,0.5133076923076924
341,4.269230769230769,0.538923076923077
342,4.269230769230769,0.5645384615384615
343,4.269230769230769,0.5901538461538461
344,4.269230769230769,0.6157692307692307
345,4.269230769230769,0.6413846153846154
346,4.269230769230769,0.667
347,4.269230769230769,0.6926153846153846
348,4.269230769230769,0.7182307692307692
349,4.269230769230769,0.7438461538461538
350,4.269230769230769,0.7694615384615385
351,4.269230769230769,0.7950769230769231
352,4.269230769230769,0.8206923076923077
353,4.269230769230769,0.8463076923076923
354,4.269230769230769,0.8719230769230769
355,4.269230769230769,0.8975384615384616
356,4.269230769230769,0.9231538461538462
357,4.269230769230769,0.9487692307692308
358,4.269230769230769,0.9743846153846154
359,4.269230769230769,1.0
360,4.615384615384615,0.001
361,4.615384615384615,0.026615384615384617
362,4.615384615384615,0.05223076923076923
363,4.615384615384615,0.07784615384615384
364,4.615384615384615,0.10346153846153847
365,4.615384615384615,0.1290769230769231
366,4.615384615384615,0.15469230769230768
367,4.615384615384615,0.1803076923076923
368,4.615384615384615,0.20592307692307693
369,4.615384615384615,0.23153846153846155
370,4.615384615384615,0.2571538461538462
371,4.615384615384615,0.2827692307692308
372,4.615384615384615,0.30838461538461537
373,4.615384615384615,0.334
374,4.615384615384615,0.3596153846153846
375,4.615384615384615,0.38523076923076927
376,4.615384615384615,0.41084615384615386
377,4.615384615384615,0.43646153846153846
378,4.615384615384615,0.4620769230769231
379,4.615384615384615,0.4876923076923077
380,4.615384615384615,0.5133076923076924
381,4.615384615384615,0.538923076923077
382,4.615384615384615,0.5645384615384615
383,4.615384615384615,0.5901538461538461
384,4.615384615384615,0.6157692307692307
385,4.615384615384615,0.6413846153846154
386,4.615384615384615,0.667
387,4.615384615384615,0.6926153846153846
388,4.615384615384615,0.7182307692307692
389,4.615384615384615,0.7438461538461538
390,4.615384615384615,0.7694615384615385
391,4.615384615384615,0.7950769230769231
392,4.615384615384615,0.8206923076923077
393,4.615384615384615,0.8463076923076923
394,4.615384615384615,0.8719230769230769
395,4.615384615384615,0.8975384615384616
396,4.615384615384615,0.9231538461538462
397,4.615384615384615,0.9487692307692308
398,4.615384615384615,0.9743846153846154
399,4.615384615384615,1.0
400,4.961538461538462,0.001
401,4.961538461538462,0.026615384615384617
402,4.961538461538462,0.05223076923076923
403,4.961538461538462,0.07784615384615384
404,4.961538461538462,0.10346153846153847
405,4.961538461538462,0.1290769230769231
406,4.961538461538462,0.15469230769230768
407,4.961538461538462,0.1803076923076923
408,4.961538461538462,0.20592307692307693
409,4.961538461538462,0.23153846153846155
410,4.961538461538462,0.2571538461538462
411,4.961538461538462,0.2827692307692308
412,4.961538461538462,0.30838461538461537
413,4.961538461538462,0.334
414,4.961538461538462,0.3596153846153846
415,4.961538461538462,0.38523076923076927
416,4.961538461538462,0.41084615384615386
417,4.961538461538462,0.43646153846153846
418,4.961538461538462,0.4620769230769231
419,4.961538461538462,0.4876923076923077
420,4.961538461538462,0.5133076923076924
421,4.961538461538462,0.538923076923077
422,4.961538461538462,0.5645384615384615
423,4.961538461538462,0.5901538461538461
424,4.961538461538462,0.6157692307692307
425,4.961538461538462,0.6413846153846154
426,4.961538461538462,0.667
427,4.961538461538462,0.6926153846153846
428,4.961538461538462,0.7182307692307692
429,4.961538461538462,0.7438461538461538
430,4.961538461538462,0.7694615384615385
431,4.961538461538462,0.7950769230769231
432,4.961538461538462,0.8206923076923077
433,4.961538461538462,0.8463076923076923
434,4.961538461538462,0.8719230769230769
435,4.961538461538462,0.8975384615384616
436,4.961538461538462,0.9231538461538462
437,4.961538461538462,0.9487692307692308
438,4.961538461538462,0.9743846153846154
439,4.961538461538462,1.0
440,5.3076923076923075,0.001
441,5.3076923076923075,0.026615384615384617
442,5.3076923076923075,0.05223076923076923
443,5.3076923076923075,0.07784615384615384
444,5.3076923076923075,0.10346153846153847
445,5.3076923076923075,0.1290769230769231
446,5.3076923076923075,0.15469230769230768
447,5.3076923076923075,0.1803076923076923
448,5.3076923076923075,0.20592307692307693
449,5.3076923076923075,0.23153846153846155
450,5.3076923076923075,0.2571538461538462
451,5.3076923076923075,0.2827692307692308
452,5.3076923076923075,0.30838461538461537
453,5.3076923076923075,0.334
454,5.3076923076923075,0.3596153846153846
455,5.3076923076923075,0.38523076923076927
456,5.3076923076923075,0.41084615384615386
457,5.3076923076923075,0.43646153846153846
458,5.3076923076923075,0.4620769230769231
459,5.3076923076923075,0.4876923076923077
460,5.3076923076923075,0.5133076923076924
461,5.3076923076923075,0.538923076923077
462,5.3076923076923075,0.5645384615384615
463,5.3076923076923075,0.5901538461538461
464,5.3076923076923075,0.6157692307692307
465,5.3076923076923075,0.6413846153846154
466,5.3076923076923075,0.667
467,5.3076923076923075,0.6926153846153846
468,5.3076923076923075,0.7182307692307692
469,5.3076923076923075,0.7438461538461538
470,5.3076923076923075,0.7694615384615385
471,5.3076923076923075,0.7950769230769231
472,5.3076923076923075,0.8206923076923077
473,5.3076923076923075,0.8463076923076923
474,5.3076923076923075,0.8719230769230769
475,5.3076923076923075,0.8975384615384616
476,5.3076923076923075,0.9231538461538462
477,5.3076923076923075,0.9487692307692308
478,5.3076923076923075,0.9743846153846154
479,5.3076923076923075,1.0
480,5.653846153846153,0.001
481,5.653846153846153,0.026615384615384617
482,5.653846153846153,0.05223076923076923
483,5.653846153846153,0.07784615384615384
484,5.653846153846153,0.10346153846153847
485,5.653846153846153,0.1290769230769231
486,5.653846153846153,0.15469230769230768
487,5.653846153846153,0.1803076923076923
488,5.653846153846153,0.20592307692307693
489,5.653846153846153,0.23153846153846155
490,5.653846153846153,0.2571538461538462
491,5.653846153846153,0.2827692307692308
492,5.653846153846153,0.30838461538461537
493,5.653846153846153,0.334
494,5.653846153846153,0.3596153846153846
495,5.653846153846153,0.38523076923076927
496,5.653846153846153,0.41084615384615386
497,5.653846153846153,0.43646153846153846
498,5.653846153846153,0.4620769230769231
499,5.653846153846153,0.4876923076923077
500,5.653846153846153,0.5133076923076924
501,5.653846153846153,0.538923076923077
502,5.653846153846153,0.5645384615384615
503,5.653846153846153,0.5901538461538461
504,5.653846153846153,0.6157692307692307
505,5.653846153846153,0.6413846153846154
506,5.653846153846153,0.667
507,5.653846153846153,0.6926153846153846
508,5.653846153846153,0.7182307692307692
509,5.653846153846153,0.7438461538461538
510,5.653846153846153,0.7694615384615385
511,5.653846153846153,0.7950769230769231
512,5.653846153846153,0.8206923076923077
513,5.653846153846153,0.8463076923076923
514,5.653846153846153,0.8719230769230769
515,5.653846153846153,0.8975384615384616
516,5.653846153846153,0.9231538461538462
517,5.653846153846153,0.9487692307692308
518,5.653846153846153,0.9743846153846154
519,5.653846153846153,1.0
520,6.0,0.001
521,6.0,0.026615384615384617
522,6.0,0.05223076923076923
523,6.0,0.07784615384615384
524,6.0,0.10346153846153847
525,6.0,0.1290769230769231
526,6.0,0.15469230769230768
527,6.0,0.1803076923076923
528,6.0,0.20592307692307693
529,6.0,0.23153846153846155
530,6.0,0.2571538461538462
531,6.0,0.2827692307692308
532,6.0,0.30838461538461537
533,6.0,0.334
534,6.0,0.3596153846153846
535,6.0,0.38523076923076927
536,6.0,0.41084615384615386
537,6.0,0.43646153846153846
538,6.0,0.4620769230769231
539,6.0,0.4876923076923077
540,6.0,0.5133076923076924
541,6.0,0.538923076923077
542,6.0,0.5645384615384615
543,6.0,0.5901538461538461
544,6.0,0.6157692307692307
545,6.0,0.6413846153846154
546,6.0,0.667
547,6.0,0.6926153846153846
548,6.0,0.7182307692307692
549,6.0,0.7438461538461538
550,6.0,0.7694615384615385
551,6.0,0.7950769230769231
552,6.0,0.8206923076923077
553,6.0,0.8463076923076923
554,6.0,0.8719230769230769
555,6.0,0.8975384615384616
556,6.0,0.9231538461538462
557,6.0,0.9487692307692308
558,6.0,0.9743846153846154
559,6.0,1.0
560,6.346153846153846,0.001
561,6.346153846153846,0.026615384615384617
562,6.346153846153846,0.05223076923076923
563,6.346153846153846,0.07784615384615384
564,6.346153846153846,0.10346153846153847
565,6.346153846153846,0.1290769230769231
566,6.346153846153846,0.15469230769230768
567,6.346153846153846,0.1803076923076923
568,6.346153846153846,0.20592307692307693
569,6.346153846153846,0.23153846153846155
570,6.346153846153846,0.2571538461538462
571,6.346153846153846,0.2827692307692308
572,6.346153846153846,0.30838461538461537
573,6.346153846153846,0.334
574,6.346153846153846,0.3596153846153846
575,6.346153846153846,0.38523076923076927
576,6.346153846153846,0.41084615384615386
577,6.346153846153846,0.43646153846153846
578,6.346153846153846,0.4620769230769231
579,6.346153846153846,0.4876923076923077
580,6.346153846153846,0.5133076923076924
581,6.346153846153846,0.538923076923077
582,6.346153846153846,0.5645384615384615
583,6.346153846153846,0.5901538461538461
584,6.346153846153846,0.6157692307692307
585,6.346153846153846,0.6413846153846154
586,6.346153846153846,0.667
587,6.346153846153846,0.6926153846153846
588,6.346153846153846,0.7182307692307692
589,6.346153846153846,0.7438461538461538
590,6.346153846153846,0.7694615384615385
591,6.346153846153846,0.7950769230769231
592,6.346153846153846,0.8206923076923077
593,6.346153846153846,0.8463076923076923
594,6.346153846153846,0.8719230769230769
595,6.346153846153846,0.8975384615384616
596,6.346153846153846,0.9231538461538462
597,6.346153846153846,0.9487692307692308
598,6.346153846153846,0.9743846153846154
599,6.346153846153846,1.0
600,6.6923076923076925,0.001
601,6.6923076923076925,0.026615384615384617
602,6.6923076923076925,0.05223076923076923
603,6.6923076923076925,0.07784615384615384
604,6.6923076923076925,0.10346153846153847
605,6.6923076923076925,0.1290769230769231
606,6.6923076923076925,0.15469230769230768
607,6.6923076923076925,0.1803076923076923
608,6.6923076923076925,0.20592307692307693
609,6.6923076923076925,0.23153846153846155
610,6.6923076923076925,0.2571538461538462
611,6.6923076923076925,0.2827692307692308
612,6.6923076923076925,0.30838461538461537
613,6.6923076923076925,0.334
614,6.6923076923076925,0.3596153846153846
615,6.6923076923076925,0.38523076923076927
616,6.6923076923076925,0.41084615384615386
617,6.6923076923076925,0.43646153846153846
618,6.6923076923076925,0.4620769230769231
619,6.6923076923076925,0.4876923076923077
620,6.6923076923076925,0.5133076923076924
621,6.6923076923076925,0.538923076923077
622,6.6923076923076925,0.5645384615384615
623,6.6923076923076925,0.5901538461538461
624,6.6923076923076925,0.6157692307692307
625,6.6923076923076925,0.6413846153846154
626,6.6923076923076925,0.667
627,6.6923076923076925,0.6926153846153846
628,6.6923076923076925,0.7182307692307692
629,6.6923076923076925,0.7438461538461538
630,6.6923076923076925,0.7694615384615385
631,6.6923076923076925,0.7950769230769231
632,6.6923076923076925,0.8206923076923077
633,6.6923076923076925,0.8463076923076923
634,6.6923076923076925,0.8719230769230769
635,6.6923076923076925,0.8975384615384616
636,6.6923076923076925,0.9231538461538462
637,6.6923076923076925,0.9487692307692308
638,6.6923076923076925,0.9743846153846154
639,6.6923076923076925,1.0
640,7.038461538461538,0.001
641,7.038461538461538,0.026615384615384617
642,7.038461538461538,0.05223076923076923
643,7.038461538461538,0.07784615384615384
644,7.038461538461538,0.10346153846153847
645,7.038461538461538,0.1290769230769231
646,7.038461538461538,0.15469230769230768
647,7.038461538461538,0.1803076923076923
648,7.038461538461538,0.20592307692307693
649,7.038461538461538,0.23153846153846155
650,7.038461538461538,0.2571538461538462
651,7.038461538461538,0.2827692307692308
652,7.038461538461538,0.30838461538461537
653,7.038461538461538,0.334
654,7.038461538461538,0.3596153846153846
655,7.038461538461538,0.38523076923076927
656,7.038461538461538,0.41084615384615386
657,7.038461538461538,0.43646153846153846
658,7.038461538461538,0.4620769230769231
659,7.038461538461538,0.4876923076923077
660,7.038461538461538,0.5133076923076924
661,7.038461538461538,0.538923076923077
662,7.038461538461538,0.5645384615384615
663,7.038461538461538,0.5901538461538461
664,7.038461538461538,0.6157692307692307
665,7.038461538461538,0.6413846153846154
666,7.038461538461538,0.667
667,7.038461538461538,0.6926153846153846
668,7.038461538461538,0.7182307692307692
669,7.038461538461538,0.7438461538461538
670,7.038461538461538,0.7694615384615385
671,7.038461538461538,0.7950769230769231
672,7.038461538461538,0.8206923076923077
673,7.038461538461538,0.8463076923076923
674,7.038461538461538,0.8719230769230769
675,7.038461538461538,0.8975384615384616
676,7.038461538461538,0.9231538461538462
677,7.038461538461538,0.9487692307692308
678,7.038461538461538,0.9743846153846154
679,7.038461538461538,1.0
680,7.384615384615384,0.001
681,7.384615384615384,0.026615384615384617
682,7.384615384615384,0.05223076923076923
683,7.384615384615384,0.07784615384615384
684,7.384615384615384,0.10346153846153847
685,7.384615384615384,0.1290769230769231
686,7.384615384615384,0.15469230769230768
687,7.384615384615384,0.1803076923076923
688,7.384615384615384,0.20592307692307693
689,7.384615384615384,0.23153846153846155
690,7.384615384615384,0.2571538461538462
691,7.384615384615384,0.2827692307692308
692,7.384615384615384,0.30838461538461537
693,7.384615384615384,0.334
694,7.384615384615384,0.3596153846153846
695,7.384615384615384,0.38523076923076927
696,7.384615384615384,0.41084615384615386
697,7.384615384615384,0.43646153846153846
698,7.384615384615384,0.4620769230769231
699,7.384615384615384,0.4876923076923077
700,7.384615384615384,0.5133076923076924
701,7.384615384615384,0.538923076923077
702,7.384615384615384,0.5645384615384615
703,7.384615384615384,0.5901538461538461
704,7.384615384615384,0.6157692307692307
705,7.384615384615384,0.6413846153846154
706,7.384615384615384,0.667
707,7.384615384615384,0.6926153846153846
708,7.384615384615384,0.7182307692307692
709,7.384615384615384,0.7438461538461538
710,7.384615384615384,0.7694615384615385
711,7.384615384615384,0.7950769230769231
712,7.384615384615384,0.8206923076923077
713,7.384615384615384,0.8463076923076923
714,7.384615384615384,0.8719230769230769
715,7.384615384615384,0.8975384615384616
716,7.384615384615384,0.9231538461538462
717,7.384615384615384,0.9487692307692308
718,7.384615384615384,0.9743846153846154
719,7.384615384615384,1.0
720,7.730769230769231,0.001
721,7.730769230769231,0.026615384615384617
722,7.730769230769231,0.05223076923076923
723,7.730769230769231,0.07784615384615384
724,7.730769230769231,0.10346153846153847
725,7.730769230769231,0.1290769230769231
726,7.730769230769231,0.15469230769230768
727,7.730769230769231,0.1803076923076923
728,7.730769230769231,0.20592307692307693
729,7.730769230769231,0.23153846153846155
730,7.730769230769231,0.2571538461538462
731,7.730769230769231,0.2827692307692308
732,7.730769230769231,0.30838461538461537
733,7.730769230769231,0.334
734,7.730769230769231,0.3596153846153846
735,7.730769230769231,0.38523076923076927
736,7.730769230769231,0.41084615384615386
737,7.730769230769231,0.43646153846153846
738,7.730769230769231,0.4620769230769231
739,7.730769230769231,0.4876923076923077
740,7.730769230769231,0.5133076923076924
741,7.730769230769231,0.538923076923077
742,7.730769230769231,0.5645384615384615
743,7.730769230769231,0.5901538461538461
744,7.730769230769231,0.6157692307692307
745,7.730769230769231,0.6413846153846154
746,7.730769230769231,0.667
747,7.730769230769231,0.6926153846153846
748,7.730769230769231,0.7182307692307692
749,7.730769230769231,0.7438461538461538
750,7.730769230769231,0.7694615384615385
751,7.730769230769231,0.7950769230769231
752,7.730769230769231,0.8206923076923077
753,7.730769230769231,0.8463076923076923
754,7.730769230769231,0.8719230769230769
755,7.730769230769231,0.8975384615384616
756,7.730769230769231,0.9231538461538462
757,7.730769230769231,0.9487692307692308
758,7.730769230769231,0.9743846153846154
759,7.730769230769231,1.0
760,8.076923076923077,0.001
761,8.076923076923077,0.026615384615384617
762,8.076923076923077,0.05223076923076923
763,8.076923076923077,0.07784615384615384
764,8.076923076923077,0.10346153846153847
765,8.076923076923077,0.1290769230769231
766,8.076923076923077,0.15469230769230768
767,8.076923076923077,0.1803076923076923
768,8.076923076923077,0.20592307692307693
769,8.076923076923077,0.23153846153846155
770,8.076923076923077,0.2571538461538462
771,8.076923076923077,0.2827692307692308
772,8.076923076923077,0.30838461538461537
773,8.076923076923077,0.334
774,8.076923076923077,0.3596153846153846
775,8.076923076923077,0.38523076923076927
776,8.076923076923077,0.41084615384615386
777,8.076923076923077,0.43646153846153846
778,8.076923076923077,0.4620769230769231
779,8.076923076923077,0.4876923076923077
780,8.076923076923077,0.5133076923076924
781,8.076923076923077,0.538923076923077
782,8.076923076923077,0.5645384615384615
783,8.076923076923077,0.5901538461538461
784,8.076923076923077,0.6157692307692307
785,8.076923076923077,0.6413846153846154
786,8.076923076923077,0.667
787,8.076923076923077,0.6926153846153846
788,8.076923076923077,0.7182307692307692
789,8.076923076923077,0.7438461538461538
790,8.076923076923077,0.7694615384615385
791,8.076923076923077,0.7950769230769231
792,8.076923076923077,0.8206923076923077
793,8.076923076923077,0.8463076923076923
794,8.076923076923077,0.8719230769230769
795,8.076923076923077,0.8975384615384616
796,8.076923076923077,0.9231538461538462
797,8.076923076923077,0.9487692307692308
798,8.076923076923077,0.9743846153846154
799,8.076923076923077,1.0
800,8.423076923076923,0.001
801,8.423076923076923,0.026615384615384617
802,8.423076923076923,0.05223076923076923
803,8.423076923076923,0.07784615384615384
804,8.423076923076923,0.10346153846153847
805,8.423076923076923,0.1290769230769231
806,8.423076923076923,0.15469230769230768
807,8.423076923076923,0.1803076923076923
808,8.423076923076923,0.20592307692307693
809,8.423076923076923,0.23153846153846155
810,8.423076923076923,0.2571538461538462
811,8.423076923076923,0.2827692307692308
812,8.423076923076923,0.30838461538461537
813,8.423076923076923,0.334
814,8.423076923076923,0.3596153846153846
815,8.423076923076923,0.38523076923076927
816,8.423076923076923,0.41084615384615386
817,8.423076923076923,0.43646153846153846
818,8.423076923076923,0.4620769230769231
819,8.423076923076923,0.4876923076923077
820,8.423076923076923,0.5133076923076924
821,8.423076923076923,0.538923076923077
822,8.423076923076923,0.5645384615384615
823,8.423076923076923,0.5901538461538461
824,8.423076923076923,0.6157692307692307
825,8.423076923076923,0.6413846153846154
826,8.423076923076923,0.667
827,8.423076923076923,0.6926153846153846
828,8.423076923076923,0.7182307692307692
829,8.423076923076923,0.7438461538461538
830,8.423076923076923,0.7694615384615385
831,8.423076923076923,0.7950769230769231
832,8.423076923076923,0.8206923076923077
833,8.423076923076923,0.8463076923076923
834,8.423076923076923,0.8719230769230769
835,8.423076923076923,0.8975384615384616
836,8.423076923076923,0.9231538461538462
837,8.423076923076923,0.9487692307692308
838,8.423076923076923,0.9743846153846154
839,8.423076923076923,1.0
840,8.76923076923077,0.001
841,8.76923076923077,0.026615384615384617
842,8.76923076923077,0.05223076923076923
843,8.76923076923077,0.07784615384615384
844,8.76923076923077,0.10346153846153847
845,8.76923076923077,0.1290769230769231
846,8.76923076923077,0.15469230769230768
847,8.76923076923077,0.1803076923076923
848,8.76923076923077,0.20592307692307693
849,8.76923076923077,0.23153846153846155
850,8.76923076923077,0.2571538461538462
851,8.76923076923077,0.2827692307692308
852,8.76923076923077,0.30838461538461537
853,8.76923076923077,0.334
854,8.76923076923077,0.3596153846153846
855,8.76923076923077,0.38523076923076927
856,8.76923076923077,0.41084615384615386
857,8.76923076923077,0.43646153846153846
858,8.76923076923077,0.4620769230769231
859,8.76923076923077,0.4876923076923077
860,8.76923076923077,0.5133076923076924
861,8.76923076923077,0.538923076923077
862,8.76923076923077,0.5645384615384615
863,8.76923076923077,0.5901538461538461
864,8.76923076923077,0.6157692307692307
865,8.76923076923077,0.6413846153846154
866,8.76923076923077,0.667
867,8.76923076923077,0.6926153846153846
868,8.76923076923077,0.7182307692307692
869,8.76923076923077,0.7438461538461538
870,8.76923076923077,0.7694615384615385
871,8.76923076923077,0.7950769230769231
872,8.76923076923077,0.8206923076923077
873,8.76923076923077,0.8463076923076923
874,8.76923076923077,0.8719230769230769
875,8.76923076923077,0.8975384615384616
876,8.76923076923077,0.9231538461538462
877,8.76923076923077,0.9487692307692308
878,8.76923076923077,0.9743846153846154
879,8.76923076923077,1.0
880,9.115384615384615,0.001
881,9.115384615384615,0.026615384615384617
882,9.115384615384615,0.05223076923076923
883,9.115384615384615,0.07784615384615384
884,9.115384615384615,0.10346153846153847
885,9.115384615384615,0.1290769230769231
886,9.115384615384615,0.15469230769230768
887,9.115384615384615,0.1803076923076923
888,9.115384615384615,0.20592307692307693
889,9.115384615384615,0.23153846153846155
890,9.115384615384615,0.2571538461538462
891,9.115384615384615,0.2827692307692308
892,9.115384615384615,0.30838461538461537
893,9.115384615384615,0.334
894,9.115384615384615,0.3596153846153846
895,9.115384615384615,0.38523076923076927
896,9.115384615384615,0.41084615384615386
897,9.115384615384615,0.43646153846153846
898,9.115384615384615,0.4620769230769231
899,9.115384615384615,0.4876923076923077
900,9.115384615384615,0.5133076923076924
901,9.115384615384615,0.538923076923077
902,9.115384615384615,0.5645384615384615
903,9.115384615384615,0.5901538461538461
904,9.115384615384615,0.6157692307692307
905,9.115384615384615,0.6413846153846154
906,9.115384615384615,0.667
907,9.115384615384615,0.6926153846153846
908,9.115384615384615,0.7182307692307692
909,9.115384615384615,0.7438461538461538
910,9.115384615384615,0.7694615384615385
911,9.115384615384615,0.7950769230769231
912,9.115384615384615,0.8206923076923077
913,9.115384615384615,0.8463076923076923
914,9.115384615384615,0.8719230769230769
915,9.115384615384615,0.8975384615384616
916,9.115384615384615,0.9231538461538462
917,9.115384615384615,0.9487692307692308
918,9.115384615384615,0.9743846153846154
919,9.115384615384615,1.0
920,9.461538461538462,0.001
921,9.461538461538462,0.026615384615384617
922,9.461538461538462,0.05223076923076923
923,9.461538461538462,0.07784615384615384
924,9.461538461538462,0.10346153846153847
925,9.461538461538462,0.1290769230769231
926,9.461538461538462,0.15469230769230768
927,9.461538461538462,0.1803076923076923
928,9.461538461538462,0.20592307692307693
929,9.461538461538462,0.23153846153846155
930,9.461538461538462,0.2571538461538462
931,9.461538461538462,0.2827692307692308
932,9.461538461538462,0.30838461538461537
933,9.461538461538462,0.334
934,9.461538461538462,0.3596153846153846
935,9.461538461538462,0.38523076923076927
936,9.461538461538462,0.41084615384615386
937,9.461538461538462,0.43646153846153846
938,9.461538461538462,0.4620769230769231
939,9.461538461538462,0.4876923076923077
940,9.461538461538462,0.5133076923076924
941,9.461538461538462,0.538923076923077
942,9.461538461538462,0.5645384615384615
943,9.461538461538462,0.5901538461538461
944,9.461538461538462,0.6157692307692307
945,9.461538461538462,0.6413846153846154
946,9.461538461538462,0.667
947,9.461538461538462,0.6926153846153846
948,9.461538461538462,0.7182307692307692
949,9.461538461538462,0.7438461538461538
950,9.461538461538462,0.7694615384615385
951,9.461538461538462,0.7950769230769231
952,9.461538461538462,0.8206923076923077
953,9.461538461538462,0.8463076923076923
954,9.461538461538462,0.8719230769230769
955,9.461538461538462,0.8975384615384616
956,9.461538461538462,0.9231538461538462
957,9.461538461538462,0.9487692307692308
958,9.461538461538462,0.9743846153846154
959,9.461538461538462,1.0
960,9.807692307692307,0.001
961,9.807692307692307,0.026615384615384617
962,9.807692307692307,0.05223076923076923
963,9.807692307692307,0.07784615384615384
964,9.807692307692307,0.10346153846153847
965,9.807692307692307,0.1290769230769231
966,9.807692307692307,0.15469230769230768
967,9.807692307692307,0.1803076923076923
968,9.807692307692307,0.20592307692307693
969,9.807692307692307,0.23153846153846155
970,9.807692307692307,0.2571538461538462
971,9.807692307692307,0.2827692307692308
972,9.807692307692307,0.30838461538461537
973,9.807692307692307,0.334
974,9.807692307692307,0.3596153846153846
975,9.807692307692307,0.38523076923076927
976,9.807692307692307,0.41084615384615386
977,9.807692307692307,0.43646153846153846
978,9.807692307692307,0.4620769230769231
979,9.807692307692307,0.4876923076923077
980,9.807692307692307,0.5133076923076924
981,9.807692307692307,0.538923076923077
982,9.807692307692307,0.5645384615384615
983,9.807692307692307,0.5901538461538461
984,9.807692307692307,0.6157692307692307
985,9.807692307692307,0.6413846153846154
986,9.807692307692307,0.667
987,9.807692307692307,0.6926153846153846
988,9.807692307692307,0.7182307692307692
989,9.807692307692307,0.7438461538461538
990,9.807692307692307,0.7694615384615385
991,9.807692307692307,0.7950769230769231
992,9.807692307692307,0.8206923076923077
993,9.807692307692307,0.8463076923076923
994,9.807692307692307,0.8719230769230769
995,9.807692307692307,0.8975384615384616
996,9.807692307692307,0.9231538461538462
997,9.807692307692307,0.9487692307692308
998,9.807692307692307,0.9743846153846154
999,9.807692307692307,1.0
1000,10.153846153846153,0.001
1001,10.153846153846153,0.026615384615384617
1002,10.153846153846153,0.05223076923076923
1003,10.153846153846153,0.07784615384615384
1004,10.153846153846153,0.10346153846153847
1005,10.153846153846153,0.1290769230769231
1006,10.153846153846153,0.15469230769230768
1007,10.153846153846153,0.1803076923076923
1008,10.153846153846153,0.20592307692307693
1009,10.153846153846153,0.23153846153846155
1010,10.153846153846153,0.2571538461538462
1011,10.153846153846153,0.2827692307692308
1012,10.153846153846153,0.30838461538461537
1013,10.153846153846153,0.334
1014,10.153846153846153,0.3596153846153846
1015,10.153846153846153,0.38523076923076927
1016,10.153846153846153,0.41084615384615386
1017,10.153846153846153,0.43646153846153846
1018,10.153846153846153,0.4620769230769231
1019,10.153846153846153,0.4876923076923077
1020,10.153846153846153,0.5133076923076924
1021,10.153846153846153,0.538923076923077
1022,10.153846153846153,0.5645384615384615
1023,10.153846153846153,0.5901538461538461
1024,10.153846153846153,0.6157692307692307
1025,10.153846153846153,0.6413846153846154
1026,10.153846153846153,0.667
1027,10.153846153846153,0.6926153846153846
1028,10.153846153846153,0.7182307692307692
1029,10.153846153846153,0.7438461538461538
1030,10.153846153846153,0.7694615384615385
1031,10.153846153846153,0.7950769230769231
1032,10.153846153846153,0.8206923076923077
1033,10.153846153846153,0.8463076923076923
1034,10.153846153846153,0.8719230769230769
1035,10.153846153846153,0.8975384615384616
1036,10.153846153846153,0.9231538461538462
1037,10.153846153846153,0.9487692307692308
1038,10.153846153846153,0.9743846153846154
1039,10.153846153846153,1.0
1040,10.5,0.001
1041,10.5,0.026615384615384617
1042,10.5,0.05223076923076923
1043,10.5,0.07784615384615384
1044,10.5,0.10346153846153847
1045,10.5,0.1290769230769231
1046,10.5,0.15469230769230768
1047,10.5,0.1803076923076923
1048,10.5,0.20592307692307693
1049,10.5,0.23153846153846155
1050,10.5,0.2571538461538462
1051,10.5,0.2827692307692308
1052,10.5,0.30838461538461537
1053,10.5,0.334
1054,10.5,0.3596153846153846
1055,10.5,0.38523076923076927
1056,10.5,0.41084615384615386
1057,10.5,0.43646153846153846
1058,10.5,0.4620769230769231
1059,10.5,0.4876923076923077
1060,10.5,0.5133076923076924
1061,10.5,0.538923076923077
1062,10.5,0.5645384615384615
1063,10.5,0.5901538461538461
1064,10.5,0.6157692307692307
1065,10.5,0.6413846153846154
1066,10.5,0.667
1067,10.5,0.6926153846153846
1068,10.5,0.7182307692307692
1069,10.5,0.7438461538461538
1070,10.5,0.7694615384615385
1071,10.5,0.7950769230769231
1072,10.5,0.8206923076923077
1073,10.5,0.8463076923076923
1074,10.5,0.8719230769230769
1075,10.5,0.8975384615384616
1076,10.5,0.9231538461538462
1077,10.5,0.9487692307692308
1078,10.5,0.9743846153846154
1079,10.5,1.0
1080,10.846153846153847,0.001
1081,10.846153846153847,0.026615384615384617
1082,10.846153846153847,0.05223076923076923
1083,10.846153846153847,0.07784615384615384
1084,10.846153846153847,0.10346153846153847
1085,10.846153846153847,0.1290769230769231
1086,10.846153846153847,0.15469230769230768
1087,10.846153846153847,0.1803076923076923
1088,10.846153846153847,0.20592307692307693
1089,10.846153846153847,0.23153846153846155
1090,10.846153846153847,0.2571538461538462
1091,10.846153846153847,0.2827692307692308
1092,10.846153846153847,0.30838461538461537
1093,10.846153846153847,0.334
1094,10.846153846153847,0.3596153846153846
1095,10.846153846153847,0.38523076923076927
1096,10.846153846153847,0.41084615384615386
1097,10.846153846153847,0.43646153846153846
1098,10.846153846153847,0.4620769230769231
1099,10.846153846153847,0.4876923076923077
1100,10.846153846153847,0.5133076923076924
1101,10.846153846153847,0.538923076923077
1102,10.846153846153847,0.5645384615384615
1103,10.846153846153847,0.5901538461538461
1104,10.846153846153847,0.6157692307692307
1105,10.846153846153847,0.6413846153846154
1106,10.846153846153847,0.667
1107,10.846153846153847,0.6926153846153846
1108,10.846153846153847,0.7182307692307692
1109,10.846153846153847,0.7438461538461538
1110,10.846153846153847,0.7694615384615385
1111,10.846153846153847,0.7950769230769231
1112,10.846153846153847,0.8206923076923077
1113,10.846153846153847,0.8463076923076923
1114,10.846153846153847,0.8719230769230769
1115,10.846153846153847,0.8975384615384616
1116,10.846153846153847,0.9231538461538462
1117,10.846153846153847,0.9487692307692308
1118,10.846153846153847,0.9743846153846154
1119,10.846153846153847,1.0
1120,11.192307692307692,0.001
1121,11.192307692307692,0.026615384615384617
1122,11.192307692307692,0.05223076923076923
1123,11.192307692307692,0.07784615384615384
1124,11.192307692307692,0.10346153846153847
1125,11.192307692307692,0.1290769230769231
1126,11.192307692307692,0.15469230769230768
1127,11.192307692307692,0.1803076923076923
1128,11.192307692307692,0.20592307692307693
1129,11.192307692307692,0.23153846153846155
1130,11.192307692307692,0.2571538461538462
1131,11.192307692307692,0.2827692307692308
1132,11.192307692307692,0.30838461538461537
1133,11.192307692307692,0.334
1134,11.192307692307692,0.3596153846153846
1135,11.192307692307692,0.38523076923076927
1136,11.192307692307692,0.41084615384615386
1137,11.192307692307692,0.43646153846153846
1138,11.192307692307692,0.4620769230769231
1139,11.192307692307692,0.4876923076923077
1140,11.192307692307692,0.5133076923076924
1141,11.192307692307692,0.538923076923077
1142,11.192307692307692,0.5645384615384615
1143,11.192307692307692,0.5901538461538461
1144,11.192307692307692,0.6157692307692307
1145,11.192307692307692,0.6413846153846154
1146,11.192307692307692,0.667
1147,11.192307692307692,0.6926153846153846
1148,11.192307692307692,0.7182307692307692
1149,11.192307692307692,0.7438461538461538
1150,11.192307692307692,0.7694615384615385
1151,11.192307692307692,0.7950769230769231
1152,11.192307692307692,0.8206923076923077
1153,11.192307692307692,0.8463076923076923
1154,11.192307692307692,0.8719230769230769
1155,11.192307692307692,0.8975384615384616
1156,11.192307692307692,0.9231538461538462
1157,11.192307692307692,0.9487692307692308
1158,11.192307692307692,0.9743846153846154
1159,11.192307692307692,1.0
1160,11.538461538461538,0.001
1161,11.538461538461538,0.026615384615384617
1162,11.538461538461538,0.05223076923076923
1163,11.538461538461538,0.07784615384615384
1164,11.538461538461538,0.10346153846153847
1165,11.538461538461538,0.1290769230769231
1166,11.538461538461538,0.15469230769230768
1167,11.538461538461538,0.1803076923076923
1168,11.538461538461538,0.20592307692307693
1169,11.538461538461538,0.23153846153846155
1170,11.538461538461538,0.2571538461538462
1171,11.538461538461538,0.2827692307692308
1172,11.538461538461538,0.30838461538461537
1173,11.538461538461538,0.334
1174,11.538461538461538,0.3596153846153846
1175,11.538461538461538,0.38523076923076927
1176,11.538461538461538,0.41084615384615386
1177,11.538461538461538,0.43646153846153846
1178,11.538461538461538,0.4620769230769231
1179,11.538461538461538,0.4876923076923077
1180,11.538461538461538,0.5133076923076924
1181,11.538461538461538,0.538923076923077
1182,11.538461538461538,0.5645384615384615
1183,11.538461538461538,0.5901538461538461
1184,11.538461538461538,0.6157692307692307
1185,11.538461538461538,0.6413846153846154
1186,11.538461538461538,0.667
1187,11.538461538461538,0.6926153846153846
1188,11.538461538461538,0.7182307692307692
1189,11.538461538461538,0.7438461538461538
1190,11.538461538461538,0.7694615384615385
1191,11.538461538461538,0.7950769230769231
1192,11.538461538461538,0.8206923076923077
1193,11.538461538461538,0.8463076923076923
1194,11.538461538461538,0.8719230769230769
1195,11.538461538461538,0.8975384615384616
1196,11.538461538461538,0.9231538461538462
1197,11.538461538461538,0.9487692307692308
1198,11.538461538461538,0.9743846153846154
1199,11.538461538461538,1.0
1200,11.884615384615385,0.001
1201,11.884615384615385,0.026615384615384617
1202,11.884615384615385,0.05223076923076923
1203,11.884615384615385,0.07784615384615384
1204,11.884615384615385,0.10346153846153847
1205,11.884615384615385,0.1290769230769231
1206,11.884615384615385,0.15469230769230768
1207,11.884615384615385,0.1803076923076923
1208,11.884615384615385,0.20592307692307693
1209,11.884615384615385,0.23153846153846155
1210,11.884615384615385,0.2571538461538462
1211,11.884615384615385,0.2827692307692308
1212,11.884615384615385,0.30838461538461537
1213,11.884615384615385,0.334
1214,11.884615384615385,0.3596153846153846
1215,11.884615384615385,0.38523076923076927
1216,11.884615384615385,0.41084615384615386
1217,11.884615384615385,0.43646153846153846
1218,11.884615384615385,0.4620769230769231
1219,11.884615384615385,0.4876923076923077
1220,11.884615384615385,0.5133076923076924
1221,11.884615384615385,0.538923076923077
1222,11.884615384615385,0.5645384615384615
1223,11.884615384615385,0.5901538461538461
1224,11.884615384615385,0.6157692307692307
1225,11.884615384615385,0.6413846153846154
1226,11.884615384615385,0.667
1227,11.884615384615385,0.6926153846153846
1228,11.884615384615385,0.7182307692307692
1229,11.884615384615385,0.7438461538461538
1230,11.884615384615385,0.7694615384615385
1231,11.884615384615385,0.7950769230769231
1232,11.884615384615385,0.8206923076923077
1233,11.884615384615385,0.8463076923076923
1234,11.884615384615385,0.8719230769230769
1235,11.884615384615385,0.8975384615384616
1236,11.884615384615385,0.9231538461538462
1237,11.884615384615385,0.9487692307692308
1238,11.884615384615385,0.9743846153846154
1239,11.884615384615385,1.0
1240,12.23076923076923,0.001
1241,12.23076923076923,0.026615384615384617
1242,12.23076923076923,0.05223076923076923
1243,12.23076923076923,0.07784615384615384
1244,12.23076923076923,0.10346153846153847
1245,12.23076923076923,0.1290769230769231
1246,12.23076923076923,0.15469230769230768
1247,12.23076923076923,0.1803076923076923
1248,12.23076923076923,0.20592307692307693
1249,12.23076923076923,0.23153846153846155
1250,12.23076923076923,0.2571538461538462
1251,12.23076923076923,0.2827692307692308
1252,12.23076923076923,0.30838461538461537
1253,12.23076923076923,0.334
1254,12.23076923076923,0.3596153846153846
1255,12.23076923076923,0.38523076923076927
1256,12.23076923076923,0.41084615384615386
1257,12.23076923076923,0.43646153846153846
1258,12.23076923076923,0.4620769230769231
1259,12.23076923076923,0.4876923076923077
1260,12.23076923076923,0.5133076923076924
1261,12.23076923076923,0.538923076923077
1262,12.23076923076923,0.5645384615384615
1263,12.23076923076923,0.5901538461538461
1264,12.23076923076923,0.6157692307692307
1265,12.23076923076923,0.6413846153846154
1266,12.23076923076923,0.667
1267,12.23076923076923,0.6926153846153846
1268,12.23076923076923,0.7182307692307692
1269,12.23076923076923,0.7438461538461538
1270,12.23076923076923,0.7694615384615385
1271,12.23076923076923,0.7950769230769231
1272,12.23076923076923,0.8206923076923077
1273,12.23076923076923,0.8463076923076923
1274,12.23076923076923,0.8719230769230769
1275,12.23076923076923,0.8975384615384616
1276,12.23076923076923,0.9231538461538462
1277,12.23076923076923,0.9487692307692308
1278,12.23076923076923,0.9743846153846154
1279,12.23076923076923,1.0
1280,12.576923076923077,0.001
1281,12.576923076923077,0.026615384615384617
1282,12.576923076923077,0.05223076923076923
1283,12.576923076923077,0.07784615384615384
1284,12.576923076923077,0.10346153846153847
1285,12.576923076923077,0.1290769230769231
1286,12.576923076923077,0.15469230769230768
1287,12.576923076923077,0.1803076923076923
1288,12.576923076923077,0.20592307692307693
1289,12.576923076923077,0.23153846153846155
1290,12.576923076923077,0.2571538461538462
1291,12.576923076923077,0.2827692307692308
1292,12.576923076923077,0.30838461538461537
1293,12.576923076923077,0.334
1294,12.576923076923077,0.3596153846153846
1295,12.576923076923077,0.38523076923076927
1296,12.576923076923077,0.41084615384615386
1297,12.576923076923077,0.43646153846153846
1298,12.576923076923077,0.4620769230769231
1299,12.576923076923077,0.4876923076923077
1300,12.576923076923077,0.5133076923076924
1301,12.576923076923077,0.538923076923077
1302,12.576923076923077,0.5645384615384615
1303,12.576923076923077,0.5901538461538461
1304,12.576923076923077,0.6157692307692307
1305,12.576923076923077,0.6413846153846154
1306,12.576923076923077,0.667
1307,12.576923076923077,0.6926153846153846
1308,12.576923076923077,0.7182307692307692
1309,12.576923076923077,0.7438461538461538
1310,12.576923076923077,0.7694615384615385
1311,12.576923076923077,0.7950769230769231
1312,12.576923076923077,0.8206923076923077
1313,12.576923076923077,0.8463076923076923
1314,12.576923076923077,0.8719230769230769
1315,12.576923076923077,0.8975384615384616
1316,12.576923076923077,0.9231538461538462
1317,12.576923076923077,0.9487692307692308
1318,12.576923076923077,0.9743846153846154
1319,12.576923076923077,1.0
1320,12.923076923076923,0.001
1321,12.923076923076923,0.026615384615384617
1322,12.923076923076923,0.05223076923076923
1323,12.923076923076923,0.07784615384615384
1324,12.923076923076923,0.10346153846153847
1325,12.923076923076923,0.1290769230769231
1326,12.923076923076923,0.15469230769230768
1327,12.923076923076923,0.1803076923076923
1328,12.923076923076923,0.20592307692307693
1329,12.923076923076923,0.23153846153846155
1330,12.923076923076923,0.2571538461538462
1331,12.923076923076923,0.2827692307692308
1332,12.923076923076923,0.30838461538461537
1333,12.923076923076923,0.334
1334,12.923076923076923,0.3596153846153846
1335,12.923076923076923,0.38523076923076927
1336,12.923076923076923,0.41084615384615386
1337,12.923076923076923,0.43646153846153846
1338,12.923076923076923,0.4620769230769231
1339,12.923076923076923,0.4876923076923077
1340,12.923076923076923,0.5133076923076924
1341,12.923076923076923,0.538923076923077
1342,12.923076923076923,0.5645384615384615
1343,12.923076923076923,0.5901538461538461
1344,12.923076923076923,0.6157692307692307
1345,12.923076923076923,0.6413846153846154
1346,12.923076923076923,0.667
1347,12.923076923076923,0.6926153846153846
1348,12.923076923076923,0.7182307692307692
1349,12.923076923076923,0.7438461538461538
1350,12.923076923076923,0.7694615384615385
1351,12.923076923076923,0.7950769230769231
1352,12.923076923076923,0.8206923076923077
1353,12.923076923076923,0.8463076923076923
1354,12.923076923076923,0.8719230769230769
1355,12.923076923076923,0.8975384615384616
1356,12.923076923076923,0.9231538461538462
1357,12.923076923076923,0.9487692307692308
1358,12.923076923076923,0.9743846153846154
1359,12.923076923076923,1.0
1360,13.269230769230768,0.001
1361,13.269230769230768,0.026615384615384617
1362,13.269230769230768,0.05223076923076923
1363,13.269230769230768,0.07784615384615384
1364,13.269230769230768,0.10346153846153847
1365,13.269230769230768,0.1290769230769231
1366,13.269230769230768,0.15469230769230768
1367,13.269230769230768,0.1803076923076923
1368,13.269230769230768,0.20592307692307693
1369,13.269230769230768,0.23153846153846155
1370,13.269230769230768,0.2571538461538462
1371,13.269230769230768,0.2827692307692308
1372,13.269230769230768,0.30838461538461537
1373,13.269230769230768,0.334
1374,13.269230769230768,0.3596153846153846
1375,13.269230769230768,0.38523076923076927
1376,13.269230769230768,0.41084615384615386
1377,13.269230769230768,0.43646153846153846
1378,13.269230769230768,0.4620769230769231
1379,13.269230769230768,0.4876923076923077
1380,13.269230769230768,0.5133076923076924
1381,13.269230769230768,0.538923076923077
1382,13.269230769230768,0.5645384615384615
1383,13.269230769230768,0.5901538461538461
1384,13.269230769230768,0.6157692307692307
1385,13.269230769230768,0.6413846153846154
1386,13.269230769230768,0.667
1387,13.269230769230768,0.6926153846153846
1388,13.269230769230768,0.7182307692307692
1389,13.269230769230768,0.7438461538461538
1390,13.269230769230768,0.7694615384615385
1391,13.269230769230768,0.7950769230769231
1392,13.269230769230768,0.8206923076923077
1393,13.269230769230768,0.8463076923076923
1394,13.269230769230768,0.8719230769230769
1395,13.269230769230768,0.8975384615384616
1396,13.269230769230768,0.9231538461538462
1397,13.269230769230768,0.9487692307692308
1398,13.269230769230768,0.9743846153846154
1399,13.269230769230768,1.0
1400,13.615384615384615,0.001
1401,13.615384615384615,0.026615384615384617
1402,13.615384615384615,0.05223076923076923
1403,13.615384615384615,0.07784615384615384
1404,13.615384615384615,0.10346153846153847
1405,13.615384615384615,0.1290769230769231
1406,13.615384615384615,0.15469230769230768
1407,13.615384615384615,0.1803076923076923
1408,13.615384615384615,0.20592307692307693
1409,13.615384615384615,0.23153846153846155
1410,13.615384615384615,0.2571538461538462
1411,13.615384615384615,0.2827692307692308
1412,13.615384615384615,0.30838461538461537
1413,13.615384615384615,0.334
1414,13.615384615384615,0.3596153846153846
1415,13.615384615384615,0.38523076923076927
1416,13.615384615384615,0.41084615384615386
1417,13.615384615384615,0.43646153846153846
1418,13.615384615384615,0.4620769230769231
1419,13.615384615384615,0.4876923076923077
1420,13.615384615384615,0.5133076923076924
1421,13.615384615384615,0.538923076923077
1422,13.615384615384615,0.5645384615384615
1423,13.615384615384615,0.5901538461538461
1424,13.615384615384615,0.6157692307692307
1425,13.615384615384615,0.6413846153846154
1426,13.615384615384615,0.667
1427,13.615384615384615,0.6926153846153846
1428,13.615384615384615,0.7182307692307692
1429,13.615384615384615,0.7438461538461538
1430,13.615384615384615,0.7694615384615385
1431,13.615384615384615,0.7950769230769231
1432,13.615384615384615,0.8206923076923077
1433,13.615384615384615,0.8463076923076923
1434,13.615384615384615,0.8719230769230769
1435,13.615384615384615,0.8975384615384616
1436,13.615384615384615,0.9231538461538462
1437,13.615384615384615,0.9487692307692308
1438,13.615384615384615,0.9743846153846154
1439,13.615384615384615,1.0
1440,13.961538461538462,0.001
1441,13.961538461538462,0.026615384615384617
1442,13.961538461538462,0.05223076923076923
1443,13.961538461538462,0.07784615384615384
1444,13.961538461538462,0.10346153846153847
1445,13.961538461538462,0.1290769230769231
1446,13.961538461538462,0.15469230769230768
1447,13.961538461538462,0.1803076923076923
1448,13.961538461538462,0.20592307692307693
1449,13.961538461538462,0.23153846153846155
1450,13.961538461538462,0.2571538461538462
1451,13.961538461538462,0.2827692307692308
1452,13.961538461538462,0.30838461538461537
1453,13.961538461538462,0.334
1454,13.961538461538462,0.3596153846153846
1455,13.961538461538462,0.38523076923076927
1456,13.961538461538462,0.41084615384615386
1457,13.961538461538462,0.43646153846153846
1458,13.961538461538462,0.4620769230769231
1459,13.961538461538462,0.4876923076923077
1460,13.961538461538462,0.5133076923076924
1461,13.961538461538462,0.538923076923077
1462,13.961538461538462,0.5645384615384615
1463,13.961538461538462,0.5901538461538461
1464,13.961538461538462,0.6157692307692307
1465,13.961538461538462,0.6413846153846154
1466,13.961538461538462,0.667
1467,13.961538461538462,0.6926153846153846
1468,13.961538461538462,0.7182307692307692
1469,13.961538461538462,0.7438461538461538
1470,13.961538461538462,0.7694615384615385
1471,13.961538461538462,0.7950769230769231
1472,13.961538461538462,0.8206923076923077
1473,13.961538461538462,0.8463076923076923
1474,13.961538461538462,0.8719230769230769
1475,13.961538461538462,0.8975384615384616
1476,13.961538461538462,0.9231538461538462
1477,13.961538461538462,0.9487692307692308
1478,13.961538461538462,0.9743846153846154
1479,13.961538461538462,1.0
1480,14.307692307692307,0.001
1481,14.307692307692307,0.026615384615384617
1482,14.307692307692307,0.05223076923076923
1483,14.307692307692307,0.07784615384615384
1484,14.307692307692307,0.10346153846153847
1485,14.307692307692307,0.1290769230769231
1486,14.307692307692307,0.15469230769230768
1487,14.307692307692307,0.1803076923076923
1488,14.307692307692307,0.20592307692307693
1489,14.307692307692307,0.23153846153846155
1490,14.307692307692307,0.2571538461538462
1491,14.307692307692307,0.2827692307692308
1492,14.307692307692307,0.30838461538461537
1493,14.307692307692307,0.334
1494,14.307692307692307,0.3596153846153846
1495,14.307692307692307,0.38523076923076927
1496,14.307692307692307,0.41084615384615386
1497,14.307692307692307,0.43646153846153846
1498,14.307692307692307,0.4620769230769231
1499,14.307692307692307,0.4876923076923077
1500,14.307692307692307,0.5133076923076924
1501,14.307692307692307,0.538923076923077
1502,14.307692307692307,0.5645384615384615
1503,14.307692307692307,0.5901538461538461
1504,14.307692307692307,0.6157692307692307
1505,14.307692307692307,0.6413846153846154
1506,14.307692307692307,0.667
1507,14.307692307692307,0.6926153846153846
1508,14.307692307692307,0.7182307692307692
1509,14.307692307692307,0.7438461538461538
1510,14.307692307692307,0.7694615384615385
1511,14.307692307692307,0.7950769230769231
1512,14.307692307692307,0.8206923076923077
1513,14.307692307692307,0.8463076923076923
1514,14.307692307692307,0.8719230769230769
1515,14.307692307692307,0.8975384615384616
1516,14.307692307692307,0.9231538461538462
1517,14.307692307692307,0.9487692307692308
1518,14.307692307692307,0.9743846153846154
1519,14.307692307692307,1.0
1520,14.653846153846153,0.001
1521,14.653846153846153,0.026615384615384617
1522,14.653846153846153,0.05223076923076923
1523,14.653846153846153,0.07784615384615384
1524,14.653846153846153,0.10346153846153847
1525,14.653846153846153,0.1290769230769231
1526,14.653846153846153,0.15469230769230768
1527,14.653846153846153,0.1803076923076923
1528,14.653846153846153,0.20592307692307693
1529,14.653846153846153,0.23153846153846155
1530,14.653846153846153,0.2571538461538462
1531,14.653846153846153,0.2827692307692308
1532,14.653846153846153,0.30838461538461537
1533,14.653846153846153,0.334
1534,14.653846153846153,0.3596153846153846
1535,14.653846153846153,0.38523076923076927
1536,14.653846153846153,0.41084615384615386
1537,14.653846153846153,0.43646153846153846
1538,14.653846153846153,0.4620769230769231
1539,14.653846153846153,0.4876923076923077
1540,14.653846153846153,0.5133076923076924
1541,14.653846153846153,0.538923076923077
1542,14.653846153846153,0.5645384615384615
1543,14.653846153846153,0.5901538461538461
1544,14.653846153846153,0.6157692307692307
1545,14.653846153846153,0.6413846153846154
1546,14.653846153846153,0.667
1547,14.653846153846153,0.6926153846153846
1548,14.653846153846153,0.7182307692307692
1549,14.653846153846153,0.7438461538461538
1550,14.653846153846153,0.7694615384615385
1551,14.653846153846153,0.7950769230769231
1552,14.653846153846153,0.8206923076923077
1553,14.653846153846153,0.8463076923076923
1554,14.653846153846153,0.8719230769230769
1555,14.653846153846153,0.8975384615384616
1556,14.653846153846153,0.9231538461538462
1557,14.653846153846153,0.9487692307692308
1558,14.653846153846153,0.9743846153846154
1559,14.653846153846153,1.0
1560,15.0,0.001
1561,15.0,0.026615384615384617
1562,15.0,0.05223076923076923
1563,15.0,0.07784615384615384
1564,15.0,0.10346153846153847
1565,15.0,0.1290769230769231
1566,15.0,0.15469230769230768
1567,15.0,0.1803076923076923
1568,15.0,0.20592307692307693
1569,15.0,0.23153846153846155
1570,15.0,0.2571538461538462
1571,15.0,0.2827692307692308
1572,15.0,0.30838461538461537
1573,15.0,0.334
1574,15.0,0.3596153846153846
1575,15.0,0.38523076923076927
1576,15.0,0.41084615384615386
1577,15.0,0.43646153846153846
1578,15.0,0.4620769230769231
1579,15.0,0.4876923076923077
1580,15.0,0.5133076923076924
1581,15.0,0.538923076923077
1582,15.0,0.5645384615384615
1583,15.0,0.5901538461538461
1584,15.0,0.6157692307692307
1585,15.0,0.6413846153846154
1586,15.0,0.667
1587,15.0,0.6926153846153846
1588,15.0,0.7182307692307692
1589,15.0,0.7438461538461538
1590,15.0,0.7694615384615385
1591,15.0,0.7950769230769231
1592,15.0,0.8206923076923077
1593,15.0,0.8463076923076923
1594,15.0,0.8719230769230769
1595,15.0,0.8975384615384616
1596,15.0,0.9231538461538462
1597,15.0,0.9487692307692308
1598,15.0,0.9743846153846154
1599,15.0,1.0
